<?xml version="1.0" encoding="utf-8"?>
<unattend 
	xmlns="urn:schemas-microsoft-com:unattend">
	<settings pass="windowsPE">
		<component name="Microsoft-Windows-International-Core-WinPE" processorArchitecture="amd64" publicKeyToken="31bf3856ad364e35" language="neutral" versionScope="nonSxS" 
			xmlns:wcm="http://schemas.microsoft.com/WMIConfig/2002/State" 
			xmlns:xsi="http://www.w3.org/2001/XMLSchema-instance">
			<SetupUILanguage>
				<UILanguage>en-US</UILanguage>
			</SetupUILanguage>
			<InputLocale>0409:00000409</InputLocale>
			<SystemLocale>en-US</SystemLocale>
			<UILanguage>en-US</UILanguage>
			<UILanguageFallback>en-US</UILanguageFallback>
			<UserLocale>en-US</UserLocale>
		</component>
		<component name="Microsoft-Windows-Setup" processorArchitecture="amd64" publicKeyToken="31bf3856ad364e35" language="neutral" versionScope="nonSxS" 
			xmlns:wcm="http://schemas.microsoft.com/WMIConfig/2002/State" 
			xmlns:xsi="http://www.w3.org/2001/XMLSchema-instance">
			<DiskConfiguration>
				<Disk wcm:action="add">
					<CreatePartitions>
						<CreatePartition wcm:action="add">
							<Order>1</Order>
							<Type>Primary</Type>
							<Size>100</Size>
						</CreatePartition>
						<CreatePartition wcm:action="add">
							<Extend>true</Extend>
							<Order>2</Order>
							<Type>Primary</Type>
						</CreatePartition>
					</CreatePartitions>
					<ModifyPartitions>
						<ModifyPartition wcm:action="add">
							<Active>true</Active>
							<Format>NTFS</Format>
							<Label>System Reserved</Label>
							<Order>1</Order>
							<PartitionID>1</PartitionID>
							<TypeID>0x27</TypeID>
						</ModifyPartition>
						<ModifyPartition wcm:action="add">
							<Active>true</Active>
							<Format>NTFS</Format>
							<Label>OS</Label>
							<Letter>C</Letter>
							<Order>2</Order>
							<PartitionID>2</PartitionID>
						</ModifyPartition>
					</ModifyPartitions>
					<DiskID>0</DiskID>
					<WillWipeDisk>true</WillWipeDisk>
				</Disk>
			</DiskConfiguration>
			<ImageInstall>
				<OSImage>
					<InstallTo>
						<DiskID>0</DiskID>
						<PartitionID>2</PartitionID>
					</InstallTo>
					<InstallToAvailablePartition>false</InstallToAvailablePartition>
				</OSImage>
			</ImageInstall>
			<UserData>
				<AcceptEula>true</AcceptEula>
				<FullName></FullName>
				<Organization>PowerShell For SysSdmins</Organization>
			</UserData>
			<EnableFirewall>false</EnableFirewall>
		</component>
	</settings>
	<settings pass="offlineServicing">
		<component name="Microsoft-Windows-LUA-Settings" processorArchitecture="amd64" publicKeyToken="31bf3856ad364e35" language="neutral" versionScope="nonSxS" 
			xmlns:wcm="http://schemas.microsoft.com/WMIConfig/2002/State" 
			xmlns:xsi="http://www.w3.org/2001/XMLSchema-instance">
			<EnableLUA>false</EnableLUA>
		</component>
	</settings>
	<settings pass="generalize">
		<component name="Microsoft-Windows-Security-SPP" processorArchitecture="amd64" publicKeyToken="31bf3856ad364e35" language="neutral" versionScope="nonSxS" 
			xmlns:wcm="http://schemas.microsoft.com/WMIConfig/2002/State" 
			xmlns:xsi="http://www.w3.org/2001/XMLSchema-instance">
			<SkipRearm>1</SkipRearm>
		</component>
	</settings>
	<settings pass="specialize">
		<component name="Microsoft-Windows-International-Core" processorArchitecture="amd64" publicKeyToken="31bf3856ad364e35" language="neutral" versionScope="nonSxS" 
			xmlns:wcm="http://schemas.microsoft.com/WMIConfig/2002/State" 
			xmlns:xsi="http://www.w3.org/2001/XMLSchema-instance">
			<InputLocale>0409:00000409</InputLocale>
			<SystemLocale>en-US</SystemLocale>
			<UILanguage>en-US</UILanguage>
			<UILanguageFallback>en-US</UILanguageFallback>
			<UserLocale>en-US</UserLocale>
		</component>
		<component name="Microsoft-Windows-Security-SPP-UX" processorArchitecture="amd64" publicKeyToken="31bf3856ad364e35" language="neutral" versionScope="nonSxS" 
			xmlns:wcm="http://schemas.microsoft.com/WMIConfig/2002/State" 
			xmlns:xsi="http://www.w3.org/2001/XMLSchema-instance">
			<SkipAutoActivation>true</SkipAutoActivation>
		</component>
		<component name="Microsoft-Windows-SQMApi" processorArchitecture="amd64" publicKeyToken="31bf3856ad364e35" language="neutral" versionScope="nonSxS" 
			xmlns:wcm="http://schemas.microsoft.com/WMIConfig/2002/State" 
			xmlns:xsi="http://www.w3.org/2001/XMLSchema-instance">
			<CEIPEnabled>0</CEIPEnabled>
		</component>
		<component name="Microsoft-Windows-Shell-Setup" processorArchitecture="amd64" publicKeyToken="31bf3856ad364e35" language="neutral" versionScope="nonSxS" 
			xmlns:wcm="http://schemas.microsoft.com/WMIConfig/2002/State" 
			xmlns:xsi="http://www.w3.org/2001/XMLSchema-instance">
			<ComputerName>SQLSRV</ComputerName>
			<ProductKey>78NRB-C3P3J-DG4RM-36C7V-8HWT4</ProductKey>
		</component>
		<component name="Microsoft-Windows-TCPIP" processorArchitecture="amd64" publicKeyToken="31bf3856ad364e35" language="neutral" versionScope="nonSxS" 
			xmlns:wcm="http://schemas.microsoft.com/WMIConfig/2002/State" 
			xmlns:xsi="http://www.w3.org/2001/XMLSchema-instance">
			<Interfaces>
				<Interface wcm:action="add">
					<Ipv4Settings>
						<DhcpEnabled>false</DhcpEnabled>
						<Metric>20</Metric>
						<RouterDiscoveryEnabled>false</RouterDiscoveryEnabled>
					</Ipv4Settings>
					<Ipv6Settings>
						<DhcpEnabled>false</DhcpEnabled>
						<Metric>30</Metric>
						<RouterDiscoveryEnabled>true</RouterDiscoveryEnabled>
					</Ipv6Settings>
					<Identifier>Ethernet</Identifier>
					<UnicastIpAddresses>
						<IpAddress wcm:action="add" wcm:keyValue="1">10.0.0.101</IpAddress>
					</UnicastIpAddresses>
				</Interface>
			</Interfaces>
		</component>
		<component name="Microsoft-Windows-DNS-Client" processorArchitecture="amd64" publicKeyToken="31bf3856ad364e35" language="neutral" versionScope="nonSxS" 
			xmlns:wcm="http://schemas.microsoft.com/WMIConfig/2002/State" 
			xmlns:xsi="http://www.w3.org/2001/XMLSchema-instance">
			<Interfaces>
				<Interface wcm:action="add">
					<Identifier>Ethernet</Identifier>
					<DNSDomain>powerlab.local</DNSDomain>
					<DNSServerSearchOrder>
						<IpAddress wcm:action="add" wcm:keyValue="1">10.0.0.100</IpAddress>
					</DNSServerSearchOrder>
					<EnableAdapterDomainNameRegistration>true</EnableAdapterDomainNameRegistration>
					<DisableDynamicUpdate>false</DisableDynamicUpdate>
				</Interface>
			</Interfaces>
			<DNSDomain>powerlab.local</DNSDomain>
		</component>
	</settings>
	<settings pass="oobeSystem">
		<component name="Microsoft-Windows-Shell-Setup" processorArchitecture="amd64" publicKeyToken="31bf3856ad364e35" language="neutral" versionScope="nonSxS" 
			xmlns:wcm="http://schemas.microsoft.com/WMIConfig/2002/State" 
			xmlns:xsi="http://www.w3.org/2001/XMLSchema-instance">
			<AutoLogon>
				<Password>
					<Value>P@$$w0rd12</Value>
					<PlainText>true</PlainText>
				</Password>
				<Enabled>true</Enabled>
				<Username>PowerLabUser</Username>
			</AutoLogon>
			<FirstLogonCommands>
				<SynchronousCommand wcm:action="add">
					<CommandLine>%SystemRoot%\System32\netsh.exe advfirewall set allprofiles state off</CommandLine>
					<Order>1</Order>
					<Description>Disable Windows Firewall</Description>
				</SynchronousCommand>
				<SynchronousCommand wcm:action="add">
					<CommandLine>net user administrator P@$$w0rd12</CommandLine>
					<Order>2</Order>
					<Description>Change local administrator password</Description>
				</SynchronousCommand>
			</FirstLogonCommands>
			<OOBE>
				<HideEULAPage>true</HideEULAPage>
				<HideOEMRegistrationScreen>true</HideOEMRegistrationScreen>
				<HideOnlineAccountScreens>true</HideOnlineAccountScreens>
				<HideWirelessSetupInOOBE>true</HideWirelessSetupInOOBE>
				<NetworkLocation>Work</NetworkLocation>
				<ProtectYourPC>2</ProtectYourPC>
				<SkipUserOOBE>true</SkipUserOOBE>
				<SkipMachineOOBE>true</SkipMachineOOBE>
			</OOBE>
			<UserAccounts>
				<LocalAccounts>
					<LocalAccount wcm:action="add">
						<Password>
							<Value>P@$$w0rd12</Value>
							<PlainText>true</PlainText>
						</Password>
						<Description>Local Administrator</Description>
						<DisplayName>Administrator</DisplayName>
						<Group>Administrators</Group>
						<Name>Administrator</Name>
					</LocalAccount>
					<LocalAccount wcm:action="add">
						<Password>
							<Value>P@$$w0rd12</Value>
							<PlainText>true</PlainText>
						</Password>
						<DisplayName></DisplayName>
						<Group>Administrators</Group>
						<Name>PowerlabUser</Name>
					</LocalAccount>
				</LocalAccounts>
			</UserAccounts>
			<RegisteredOrganization>PowerShell For SysSdmins</RegisteredOrganization>
			<RegisteredOwner></RegisteredOwner>
			<DisableAutoDaylightTimeSet>false</DisableAutoDaylightTimeSet>
			<TimeZone>Central Standard Time</TimeZone>
			<VisualEffects>
				<SystemDefaultBackgroundColor>2</SystemDefaultBackgroundColor>
			</VisualEffects>
		</component>
		<component name="Microsoft-Windows-ehome-reg-inf" processorArchitecture="x86" publicKeyToken="31bf3856ad364e35" language="neutral" versionScope="NonSxS" 
			xmlns:wcm="http://schemas.microsoft.com/WMIConfig/2002/State" 
			xmlns:xsi="http://www.w3.org/2001/XMLSchema-instance">
			<RestartEnabled>true</RestartEnabled>
		</component>
		<component name="Microsoft-Windows-ehome-reg-inf" processorArchitecture="amd64" publicKeyToken="31bf3856ad364e35" language="neutral" versionScope="NonSxS" 
			xmlns:wcm="http://schemas.microsoft.com/WMIConfig/2002/State" 
			xmlns:xsi="http://www.w3.org/2001/XMLSchema-instance">
			<RestartEnabled>true</RestartEnabled>
		</component>
	</settings>
</unattend>